{"data_time": 0.011458277702331543, "eta_seconds": 9877.229016030673, "iteration": 19, "loss_basis_sem": 1.3240581154823303, "loss_fcos_cls": 1.1216712594032288, "loss_fcos_ctr": 0.6820670068264008, "loss_fcos_loc": 0.9807226061820984, "loss_mask": 0.6978139281272888, "lr": 0.00019981, "time": 0.5851092361845076, "total_loss": 4.831331700086594}
{"data_time": 0.007805888541042805, "eta_seconds": 9926.150176350959, "iteration": 39, "loss_basis_sem": 1.2915970087051392, "loss_fcos_cls": 1.0251095294952393, "loss_fcos_ctr": 0.6707186698913574, "loss_fcos_loc": 0.9779598712921143, "loss_mask": 0.6916123330593109, "lr": 0.00039960999999999995, "time": 0.5962885776534677, "total_loss": 4.672799229621887}
{"data_time": 0.010698654688894749, "eta_seconds": 10113.180530917365, "iteration": 59, "loss_basis_sem": 1.196479856967926, "loss_fcos_cls": 0.9571402370929718, "loss_fcos_ctr": 0.6721613109111786, "loss_fcos_loc": 0.9773157835006714, "loss_mask": 0.6943795680999756, "lr": 0.00059941, "time": 0.6114862971007824, "total_loss": 4.506578505039215}
{"data_time": 0.008269736543297768, "eta_seconds": 10114.777376309037, "iteration": 79, "loss_basis_sem": 1.0470202565193176, "loss_fcos_cls": 0.8605717718601227, "loss_fcos_ctr": 0.6559634804725647, "loss_fcos_loc": 0.8543500900268555, "loss_mask": 0.6876061260700226, "lr": 0.0007992100000000001, "time": 0.6038007452152669, "total_loss": 4.185351848602295}
