{"data_time": 0.007869335822761059, "eta_seconds": 10067.760862380266, "iteration": 19, "loss_basis_sem": 0.03599029593169689, "loss_fcos_cls": 0.11937025189399719, "loss_fcos_ctr": 0.5958944857120514, "loss_fcos_loc": 0.10628695040941238, "loss_mask": 0.15321015566587448, "lr": 0.00019981, "time": 0.5963959991931915, "total_loss": 1.0318680657073855}
{"data_time": 0.009235246106982231, "eta_seconds": 9942.687657440547, "iteration": 39, "loss_basis_sem": 0.04174529016017914, "loss_fcos_cls": 0.13511843979358673, "loss_fcos_ctr": 0.6009100377559662, "loss_fcos_loc": 0.12081994488835335, "loss_mask": 0.17455852776765823, "lr": 0.00039960999999999995, "time": 0.585977291688323, "total_loss": 1.0880190506577492}
{"data_time": 0.008577956818044186, "eta_seconds": 10028.943834620062, "iteration": 59, "loss_basis_sem": 0.046875616535544395, "loss_fcos_cls": 0.13016997277736664, "loss_fcos_ctr": 0.6019152998924255, "loss_fcos_loc": 0.11192966997623444, "loss_mask": 0.1715851053595543, "lr": 0.00059941, "time": 0.6049526031129062, "total_loss": 1.0595288686454296}
{"data_time": 0.010906440205872059, "eta_seconds": 10130.434552825056, "iteration": 79, "loss_basis_sem": 0.03909836336970329, "loss_fcos_cls": 0.1376049742102623, "loss_fcos_ctr": 0.5989581644535065, "loss_fcos_loc": 0.09679638594388962, "loss_mask": 0.14714018255472183, "lr": 0.0007992100000000001, "time": 0.6323858434334397, "total_loss": 1.0401885639876127}
{"data_time": 0.00813175505027175, "eta_seconds": 10076.621291057672, "iteration": 99, "loss_basis_sem": 0.047364210709929466, "loss_fcos_cls": 0.13500917702913284, "loss_fcos_ctr": 0.5939688086509705, "loss_fcos_loc": 0.11103850603103638, "loss_mask": 0.15932577848434448, "lr": 0.00099901, "time": 0.599274312146008, "total_loss": 1.0640862751752138}
{"data_time": 0.010438381228595972, "eta_seconds": 10064.626027334016, "iteration": 119, "loss_basis_sem": 0.04354300536215305, "loss_fcos_cls": 0.14741835743188858, "loss_fcos_ctr": 0.601792961359024, "loss_fcos_loc": 0.12261519208550453, "loss_mask": 0.191337950527668, "lr": 0.00119881, "time": 0.6004688055254519, "total_loss": 1.1128221428953111}
{"data_time": 0.008833922911435366, "eta_seconds": 10070.038336124271, "iteration": 139, "loss_basis_sem": 0.05532713606953621, "loss_fcos_cls": 0.1492571458220482, "loss_fcos_ctr": 0.5995643734931946, "loss_fcos_loc": 0.11974228918552399, "loss_mask": 0.178877055644989, "lr": 0.0013986100000000002, "time": 0.604754273314029, "total_loss": 1.1044174619019032}
{"data_time": 0.007763610687106848, "eta_seconds": 10128.423540123273, "iteration": 159, "loss_basis_sem": 0.052535707131028175, "loss_fcos_cls": 0.13925281912088394, "loss_fcos_ctr": 0.6070069372653961, "loss_fcos_loc": 0.1165631152689457, "loss_mask": 0.20116961002349854, "lr": 0.0015984100000000002, "time": 0.626441452652216, "total_loss": 1.1192842721939087}
